date,series,run,reims,qemu,metric,value,unit,source
2026-10-10,candidate,cp-base-1,2a85d74105,2cd151d3b4,bench_drain_busy,164,s,copy-path series 2026-10-10 (interleaved run cp-base-1)
2026-10-10,candidate,cp-base-2,2a85d74105,2cd151d3b4,bench_drain_busy,153,s,copy-path series 2026-10-10 (interleaved run cp-base-2)
2026-10-10,candidate,cp-base-3,2a85d74105,2cd151d3b4,bench_drain_busy,148,s,copy-path series 2026-10-10 (interleaved run cp-base-3)
2026-10-10,gpu-copy,cp-copy1-1,e82389b59b,2cd151d3b4,bench_drain_busy,118,s,copy-path series 2026-10-10 (interleaved run cp-copy1-1)
2026-10-10,gpu-copy,cp-copy1-2,e82389b59b,2cd151d3b4,bench_drain_busy,115,s,copy-path series 2026-10-10 (interleaved run cp-copy1-2)
2026-10-10,gpu-copy,cp-copy1-3,e82389b59b,2cd151d3b4,bench_drain_busy,118,s,copy-path series 2026-10-10 (interleaved run cp-copy1-3)
2026-10-10,candidate,cp-base-1,2a85d74105,2cd151d3b4,bench_tranche_p90,176,ms,copy-path series 2026-10-10 (interleaved run cp-base-1)
2026-10-10,candidate,cp-base-2,2a85d74105,2cd151d3b4,bench_tranche_p90,215,ms,copy-path series 2026-10-10 (interleaved run cp-base-2)
2026-10-10,candidate,cp-base-3,2a85d74105,2cd151d3b4,bench_tranche_p90,116,ms,copy-path series 2026-10-10 (interleaved run cp-base-3)
2026-10-10,gpu-copy,cp-copy1-1,e82389b59b,2cd151d3b4,bench_tranche_p90,58,ms,copy-path series 2026-10-10 (interleaved run cp-copy1-1)
2026-10-10,gpu-copy,cp-copy1-2,e82389b59b,2cd151d3b4,bench_tranche_p90,51,ms,copy-path series 2026-10-10 (interleaved run cp-copy1-2)
2026-10-10,gpu-copy,cp-copy1-3,e82389b59b,2cd151d3b4,bench_tranche_p90,55,ms,copy-path series 2026-10-10 (interleaved run cp-copy1-3)
2026-10-10,candidate,cp-base-p3,2a85d74105,2cd151d3b4,drain_cycles,95.21,Gcycles,copy-path series 2026-10-10 (perf capture cp-base-p3; 95206990946 cycles)
2026-10-10,gpu-copy,cp-copy1-p2,e82389b59b,2cd151d3b4,drain_cycles,53.48,Gcycles,copy-path series 2026-10-10 (perf capture cp-copy1-p2; 53479374543 cycles)
2026-10-10,candidate,cp-base-p3,2a85d74105,2cd151d3b4,memcpy_cycles,66.1,Gcycles,copy-path series 2026-10-10 (perf capture cp-base-p3; __memcpy_generic 69.43 % = 66102213814 cycles)
2026-10-10,gpu-copy,cp-copy1-p2,e82389b59b,2cd151d3b4,memcpy_cycles,33.32,Gcycles,copy-path series 2026-10-10 (perf capture cp-copy1-p2; __memcpy_generic 62.3 % = 33317650340 cycles)
