metric,title,unit,axis
unit_test_wall,iOS simulator unit tests,s,"Wall time (s), lower is better"
app_suite_wall,An iOS app's offline XCUITest suite (14 tests),s,"Wall time (s), lower is better"
probe_cold_wall,"SwiftUI UI test, first run in a fresh image",s,"Wall time (s), lower is better"
probe_warm_wall,"SwiftUI UI test, second run",s,"Wall time (s), lower is better"
drain_busy,Drain thread busy time over the session,s,"Busy time (s)"
tranche_p50,Drain tranche length: median,ms,"Tranche length (ms)"
tranche_p90,Drain tranche length: 90th percentile,s,"Tranche length (s)"
tranche_max,Drain tranche length: longest,s,"Tranche length (s)"
vcpu_wait_total,vCPU time spent waiting for the device lock,s,"Total wait (s)"
vcpu_wait_max,Longest single vCPU wait for the device lock,s,"Longest wait (s)"
footprint_avg,Host memory held by the guest: average,GB,"Host footprint (GB), lower is better"
footprint_peak,Host memory held by the guest: peak,GB,"Host footprint (GB)"
ci_ui_job_wall,"Production CI: the same suite as a whole CI job, one run each",s,"Job wall time (s), lower is better"
bench_drain_busy,Drain busy time per unit-test benchmark run,s,"Busy time (s), lower is better"
bench_tranche_p90,Drain tranche length during the benchmark: 90th percentile,ms,"Tranche length (ms), lower is better"
drain_cycles,Drain thread CPU cycles in a 90 s perf window,Gcycles,"CPU cycles (billions), lower is better"
memcpy_cycles,memcpy cycles in the same window,Gcycles,"CPU cycles (billions), lower is better"
