series,label,role,description
none,No GPU device (GFX=none),reference,"Guest booted with gfx-device=none: no paravirtual GPU, no Metal."
gpu-main-prestamp,"GPU, drain on main loop",main,"Reims drained on QEMU's main loop under the big lock; before the refused-packet stamp fix (Reims f9904a3538 to e5c793b876)."
gpu-worker-proto,"GPU, drain worker prototype",main,"First drain-worker prototype (uncommitted QEMU patch); before the stamp fix and the vCPU yield."
gpu-main-stamp,"GPU, main loop + stamp fix",main,"Reims b624cf4fc5: refused-packet completion word in channel order (0d7da8e277) and the vCPU yield; drain still on the main loop."
gpu-worker-stamp,"GPU, worker + stamp fix",main,"Reims gpu-perf at b624cf4fc5 with the drain-worker QEMU patch (later committed as QEMU 2cd151d3b4)."
gpu-main,"GPU, drain on main loop",main,"Drain on QEMU's main loop (no worker thread), 2026-10-09 builds."
gpu-worker,"GPU, drain worker",main,"Drain on a worker thread (QEMU patch, later 2cd151d3b4), 2026-10-09 builds."
gpu-worker-nocompact,"GPU, worker, no compaction",main,"Drain worker, round-robin and generation fix, before dependency-graph compaction."
gpu-main-compact,"GPU, main loop + compaction",main,"No worker; generation fix (0e07f1b6a9) and dependency-graph compaction (e46efbc7eb)."
candidate,"GPU, deployed build",highlight,"Drain worker + generation fix + graph compaction + round-robin: Reims 2a85d74105, QEMU 2cd151d3b4. Deployed 2026-10-10."
gpu-copy,"GPU, copy path (not deployed)",next,"Deployed build plus direct copies between guest RAM and mapped Vulkan memory (no intermediate buffer): Reims e82389b59b (branch gpu-copy), QEMU 2cd151d3b4. Not deployed yet."
idle-off,"Idle 15 min, no balloon",reference,"10 GiB guest, 4 vCPUs, GPU on, memfd guest RAM."
idle-gov,"Idle 15 min, balloon governor",main,"Same guest with scripts/balloon-governor.py."
job-off,"CI job, no balloon",reference,"xcodegen iOS framework build for the simulator, 40 hostless unit tests, then 6 GiB of incompressible allocation; GPU on."
job-gov,"CI job, balloon governor",main,"Same job with the balloon governor."
job-none-off,"CI job (no GPU), no balloon",reference,"Same job with GFX=none."
job-none-gov,"CI job (no GPU), governor",main,"Same job with GFX=none and the balloon governor."
